id,region,CEOs,Marketing and finance,R&D,Engineering,ITC,Creatives,Education,Health
3,Megalopolis,0.969727709,1.115184031,1.174928985,0.963122263,1.256710332,1.253830694,0.943037326,1.048081724
1,Northeast,1.079875763,1.061363824,0.752128672,1.145789067,1.115272246,0.741424839,0.906936917,0.8863473
2,Center-west,1.013005037,0.970181111,1.045934588,0.961288707,0.949519422,1.04115929,0.949644608,1.125439825
6,Center-north,1.039290703,0.881755537,0.823895231,1.004796543,0.840829065,0.818347185,0.979337594,0.878508926
7,Yucatán peninsula,1.358037944,1.034650546,1.002080807,0.930491396,0.78104517,1.100250799,0.960731147,0.891922654
4,Northwest,0.904913456,0.828529138,0.655181944,0.952903193,0.67984062,0.804247099,0.845876835,0.782285274
5,Gulf-east,0.786431977,0.829141572,0.988898659,1.28309389,0.591552122,0.506276342,1.076895093,0.9503955
