zona,CEOs,Marketing and finance,R&D,Engineering,ITC,Creatives,Education,Health
Megalopolis,0.969727709,1.1151840314,1.1749289848,0.963122263,1.2567103316,1.2538306938,0.9430373261,1.0480817244
Northeast,1.079875763,1.0613638238,0.7521286722,1.1457890668,1.1152722459,0.7414248392,0.9069369165,0.8863472995
Center-west,1.013005037,0.970181111,1.0459345879,0.9612887069,0.9495194222,1.0411592895,0.9496446084,1.1254398249
Center-north,1.0392907027,0.8817555373,0.8238952308,1.0047965426,0.8408290648,0.818347185,0.979337594,0.8785089264
Yucatán peninsula,1.3580379437,1.0346505459,1.0020808071,0.9304913955,0.7810451702,1.1002507992,0.9607311473,0.8919226539
Northwest,0.904913456,0.8285291382,0.6551819444,0.9529031927,0.6798406203,0.8042470985,0.845876835,0.7822852742
Gulf-east,0.7864319774,0.8291415718,0.9888986594,1.2830938903,0.5915521222,0.5062763415,1.0768950926,0.9503955003
